,Gene,X1_1PP,X10_1KD,X10TB,X11DA_H,X11SLS,X12_2SST,X12HR,X13MF,X15BB,X16_2BP,X17LB,X18TD,X1WV,X2CW,X3RY,X4HB,X4MH,X5SW,X6_1PH,X6SB,X7_1GG,X7GH,X8CB,X8RP,X9CG,X9CW,XJB1
1,cfa-let-7a.MIMAT0006594,18413,3949,11800,41602,8396,17819,18308,15386,5416,6135,38577,14876,9258,8217,26531,20849,28938,23792,28579,3154,26391,15621,6432,25954,7406,4084,39280
2,cfa-let-7b.MIMAT0009836,9322,1142,8158,24864,5400,4003,7730,8230,3229,3773,21869,5361,3872,5035,14876,14397,9475,9349,10746,1691,15720,8881,4600,17496,5804,3651,5162
3,cfa-let-7c.MIMAT0006669,2028,926,1849,14779,1205,2141,2429,2464,1052,717,5900,2702,3486,2970,4561,3811,5416,3801,4856,562,6294,2203,1511,4423,1300,2615,2979
4,cfa-let-7d.MIMAT0034396,235,24,118,10,211,147,106,100,126,246,77,29,5,8,34,274,61,59,78,115,28,116,27,290,271,8,84
5,cfa-let-7e.MIMAT0006608,645,237,616,552,939,415,669,1374,308,688,1573,781,127,161,528,2062,836,772,876,260,733,636,216,2509,1020,69,583
6,cfa-let-7f.MIMAT0006610,7807,31600,14003,78100,3868,23718,20145,13564,4627,4013,23548,16005,18769,13698,40467,17088,65737,39003,49085,3069,39561,19683,6453,27932,5354,7281,17739
7,cfa-let-7g.MIMAT0006637,11938,19469,26060,87166,13063,29646,37797,24833,2516,9176,24693,27770,3322,5155,51476,42250,135919,73434,74172,1987,80152,24074,12947,51878,12926,3377,17510
8,cfa-let-7j.MIMAT0006763,0,0,0,0,0,0,0,0,0,0,0,0,0,0,0,0,0,0,0,0,0,0,0,0,0,0,0
9,cfa-mir-1.MIMAT0006656,7,535,125,282,41,240,192,184,30,36,228,54,15,21,95,347,528,490,426,6,260,51,54,342,87,25,52
10,cfa-mir-101.MIMAT0006600,832,26300,5976,34170,2010,5019,4308,1324,485,530,8108,2720,3068,1403,16800,5477,52945,72223,53201,377,23743,3779,4647,11237,3218,1933,990
11,cfa-mir-103.MIMAT0006687,656,1262,2496,5184,1536,1855,2472,2138,87,491,1225,1743,122,339,1262,3675,6124,5966,5132,71,4059,866,869,5759,1191,256,1193
12,cfa-mir-105a.MIMAT0009879,1,1,0,3,2,1,2,2,2,0,18,1,1,0,2,3,6,4,2,1,6,3,2,7,0,0,3
13,cfa-mir-105b.MIMAT0010198,0,0,0,0,0,0,1,0,0,0,0,0,0,0,0,0,0,0,2,0,0,0,0,1,1,0,0
14,cfa-mir-106a.MIMAT0006749,4,1,25,14,10,2,24,11,0,3,8,12,0,1,5,17,18,19,25,0,14,0,4,29,9,1,6
15,cfa-mir-106b.MIMAT0006695,30,45,331,354,65,55,177,66,3,9,188,128,7,2,86,265,390,1097,436,0,250,11,130,648,74,6,60
16,cfa-mir-107.MIMAT0006666,120,267,743,1043,292,251,457,223,26,63,179,321,41,75,341,654,1302,1810,1046,28,1125,196,233,1398,287,40,132
17,cfa-mir-10a.MIMAT0006737,3476,16937,8904,26144,2418,10284,20204,6536,6930,3199,47330,8275,6591,8415,19962,13981,24923,21879,27294,2881,17080,9899,4521,30171,4054,5612,6253
18,cfa-mir-10b.MIMAT0009837,316,922,1301,960,594,731,2671,2134,661,288,20458,821,553,695,1037,5832,690,617,2014,688,1086,1723,318,6363,881,627,786
19,cfa-mir-1185.MIMAT0034383,0,0,0,0,0,0,0,0,0,0,1,2,0,0,1,2,0,1,0,0,0,0,0,1,5,0,1
20,cfa-mir-1199.MIMAT0031123,0,0,0,0,0,0,0,0,0,0,0,0,0,1,0,0,0,0,0,0,0,0,0,0,0,5,1
21,cfa-mir-1199.MIMAT0031124,0,0,0,0,0,0,0,0,0,0,0,0,0,0,0,0,0,0,0,0,0,0,1,0,0,1,0
22,cfa-mir-122.MIMAT0006619,334881,193954,303935,1676448,201093,820849,311419,117042,243695,164126,586785,261944,835697,280228,1361455,445202,1409157,853641,1069282,174323,1094860,637232,263302,366034,225870,164900,417766
23,cfa-mir-124.MIMAT0006657,0,0,0,0,0,0,0,0,0,0,0,0,0,0,0,0,0,0,1,0,0,0,0,1,0,0,0
24,cfa-mir-1249.MIMAT0034321,58,0,32,12,36,7,20,8,3,25,64,11,0,3,17,91,3,13,61,19,49,22,8,81,132,1,7
25,cfa-mir-125a.MIMAT0006609,2587,152,2083,719,1480,1669,4138,5374,1088,1535,26208,2207,72,151,788,5813,793,1015,1472,492,1147,2378,497,11130,1912,62,2562
26,cfa-mir-125b.MIMAT0006670,2444,422,4500,2955,3183,3456,4828,4958,551,1875,19813,2814,129,407,1735,9821,3385,3438,3723,536,4354,3218,1698,13695,3663,207,1959
27,cfa-mir-126.MIMAT0006730,45,124,600,1027,94,153,468,263,22,32,650,237,23,16,482,573,1249,2497,1664,7,1094,73,185,1533,254,9,56
28,cfa-mir-127.MIMAT0006713,2,12,16,6,23,8,4,22,2,14,17,6,2,5,6,79,11,8,44,13,10,53,2,66,35,4,3
29,cfa-mir-1271.MIMAT0006685,49,12,50,41,30,54,113,113,19,33,236,73,23,20,54,91,46,32,40,13,30,60,11,152,25,15,79
30,cfa-mir-128.MIMAT0006633,1180,176,1431,3863,440,1926,1972,1024,425,487,2553,1729,182,193,2583,2062,1855,1089,1901,179,1984,1110,376,2964,580,97,1602
31,cfa-mir-129.MIMAT0006623,7,7,5,7,7,3,2,20,9,8,4,6,4,9,14,20,2,3,2,18,6,10,1,4,15,2,0
32,cfa-mir-1296.MIMAT0034413,2,10,7,1,28,12,8,0,0,9,11,5,1,4,4,19,3,8,3,11,3,5,3,16,17,2,2
33,cfa-mir-1301.MIMAT0034337,33,2,41,17,36,11,25,24,10,20,38,12,0,6,9,19,12,17,17,3,7,14,5,45,24,0,22
34,cfa-mir-1306.MIMAT0006661,11,21,15,23,24,26,9,10,1,8,15,4,4,35,25,29,21,13,7,1,8,5,22,33,19,45,6
35,cfa-mir-1307.MIMAT0006665,214,37,87,196,120,159,153,26,64,175,259,85,20,26,224,159,104,55,77,60,84,113,79,109,91,7,112
36,cfa-mir-130a.MIMAT0006631,7,117,124,172,7,17,69,41,6,4,155,54,16,10,76,69,182,305,151,4,177,29,49,340,16,16,14
37,cfa-mir-130b.MIMAT0006659,1,0,3,3,0,2,5,1,0,0,2,5,0,0,0,6,2,4,1,0,2,0,1,16,0,0,1
38,cfa-mir-132.MIMAT0006732,19,3,6,3,7,7,21,12,1,4,33,29,1,7,6,28,5,13,5,0,9,8,0,47,11,2,14
39,cfa-mir-133a.MIMAT0009834,1,6,28,20,11,12,30,26,0,3,95,1,1,1,7,153,32,52,34,0,24,5,9,119,11,0,2
40,cfa-mir-133b.MIMAT0009835,0,0,0,0,0,0,0,0,0,0,0,0,0,0,0,0,0,0,0,0,0,0,0,0,0,0,0
41,cfa-mir-133c.MIMAT0009833,1,6,28,20,11,12,30,26,0,3,95,1,1,1,7,153,32,52,34,0,24,5,9,120,11,0,2
42,cfa-mir-134.MIMAT0009883,0,0,0,1,0,0,1,2,1,0,0,0,0,0,0,0,1,0,0,0,0,2,0,0,3,0,0
43,cfa-mir-1343.MIMAT0034357,21,0,20,10,16,14,9,10,11,18,28,9,0,3,10,25,9,9,9,11,3,11,1,37,30,0,8
44,cfa-mir-135a-2.MIMAT0006628,1,4,1,1,2,5,4,4,0,0,12,2,0,3,3,2,2,1,3,1,2,0,0,15,2,1,1
45,cfa-mir-135a.MIMAT0010196,7,63,116,293,17,37,253,67,6,7,405,81,0,4,123,212,107,491,339,1,262,21,27,729,30,1,31
46,cfa-mir-135b.MIMAT0009839,0,2,0,17,1,0,8,4,0,0,7,19,0,2,7,7,4,7,1,0,12,1,0,22,0,0,8
47,cfa-mir-136.MIMAT0006714,0,0,0,2,0,0,0,0,0,0,0,0,0,0,0,1,1,5,8,0,0,0,0,0,0,0,0
48,cfa-mir-137.MIMAT0006702,0,0,0,2,0,0,0,1,0,0,0,0,0,0,0,2,0,2,1,0,0,0,0,0,0,0,0
49,cfa-mir-138a.MIMAT0006654,0,0,2,2,0,0,0,0,0,0,2,2,0,0,0,2,0,2,1,0,2,0,0,9,0,0,0
50,cfa-mir-138b.MIMAT0006646,0,0,0,0,0,0,0,0,0,0,0,0,0,0,0,0,0,0,0,0,0,0,0,1,0,0,0
51,cfa-mir-139.MIMAT0006645,16,6,21,14,8,13,11,12,13,9,68,4,6,2,14,21,11,17,20,7,15,7,19,49,15,1,15
52,cfa-mir-140.MIMAT0006689,180,793,987,938,459,358,1126,701,101,208,835,745,174,233,320,1607,1174,1167,855,47,757,542,212,2604,456,254,220
53,cfa-mir-141.MIMAT0009876,0,0,0,0,1,0,3,3,0,0,8,9,0,0,2,0,0,3,10,0,8,3,0,18,0,0,0
54,cfa-mir-142.MIMAT0006736,116,152,1523,914,171,287,1120,858,32,150,438,864,38,24,733,1584,1340,1907,1025,18,808,276,251,3819,282,20,161
55,cfa-mir-143.MIMAT0006682,4946,26105,19575,39212,6627,14899,32292,17845,6755,5262,32482,17723,8758,7103,39689,40662,38738,42970,45686,3231,29820,22099,5218,86021,8326,7897,9336
56,cfa-mir-144.MIMAT0006734,10,34,67,162,4,42,12,152,3,7,38,12,4,1,215,64,98,298,118,1,65,1,25,345,10,1,5
57,cfa-mir-145.MIMAT0009863,204,567,2701,1897,1496,829,4039,2198,89,444,3153,1778,32,268,437,9536,2078,2647,3208,64,2133,518,1099,11648,2218,157,293
58,cfa-mir-1468.MIMAT0034423,3,4,4,8,5,0,8,2,12,5,32,1,14,6,4,4,3,4,5,8,1,13,0,18,3,2,2
59,cfa-mir-146a.MIMAT0006684,551,1280,6444,2661,897,1225,7972,3438,349,1197,4880,4902,200,203,1715,7000,5851,6374,4767,113,3395,2863,755,15956,929,181,1353
60,cfa-mir-146b.MIMAT0006667,260,252,408,2179,56,296,415,857,118,87,1189,1690,124,138,873,1239,1361,697,761,52,644,631,169,701,202,67,1162
61,cfa-mir-147.MIMAT0009874,0,1,0,2,0,1,0,1,0,1,0,6,0,0,0,1,0,0,0,0,0,0,0,1,0,0,3
62,cfa-mir-148a.MIMAT0006622,35234,4285860,89497,1426958,59369,247504,155927,26738,247400,35553,164476,166384,4287499,1347209,506346,116370,1552874,683667,887330,338722,574395,330514,120125,149112,81084,1524159,45242
63,cfa-mir-148b.MIMAT0006663,209,552,1274,1065,1043,699,1247,745,188,705,728,1206,152,263,756,1719,1979,2359,2108,143,1475,999,267,3142,935,132,347
64,cfa-mir-149.MIMAT0009884,17,2,14,9,7,14,13,14,0,7,42,9,0,0,3,26,4,4,10,2,16,16,5,31,17,3,2
65,cfa-mir-150.MIMAT0006602,110,12,515,39,205,99,618,70,54,242,891,176,6,5,40,1402,52,104,98,20,61,233,54,2073,248,4,193
66,cfa-mir-151.MIMAT0006615,380,481,2173,2201,472,1350,759,270,255,524,2012,729,309,475,3144,2306,3744,2314,2876,303,3722,1312,1066,4601,1080,389,138
67,cfa-mir-152.MIMAT0006738,51,967,572,724,132,237,469,769,42,60,502,584,80,112,410,497,1442,1703,1582,29,654,234,147,1596,155,63,131
68,cfa-mir-153.MIMAT0009840,3,3,7,48,2,0,4,2,0,0,3,9,1,0,26,6,18,24,37,0,50,6,2,16,8,1,1
69,cfa-mir-155.MIMAT0006671,203,100,620,911,82,163,1144,528,213,179,1697,875,102,256,420,1374,440,541,546,44,441,306,176,1975,117,125,398
70,cfa-mir-15a.MIMAT0006647,19,100,324,187,27,46,79,29,3,12,38,52,8,7,127,180,302,654,431,4,342,32,70,799,52,6,17
71,cfa-mir-15b.MIMAT0006676,87,19,321,55,435,125,263,255,6,101,58,91,3,1,18,537,77,188,107,7,66,34,48,775,342,5,23
72,cfa-mir-16.MIMAT0006648,225,518,2378,2489,415,679,1770,881,38,123,1340,1044,44,77,1205,2158,3745,7177,4611,32,2707,277,1142,6071,727,73,370
73,cfa-mir-17.MIMAT0006649,0,3,6,14,4,3,4,4,0,0,9,2,1,0,9,7,11,14,10,0,9,1,2,19,3,0,0
74,cfa-mir-181a.MIMAT0006707,1458,1648,2556,6993,5939,2732,3380,2384,1848,2344,2860,1922,1293,1493,2860,5724,3905,4249,2691,3184,4560,3403,1156,6319,4254,659,302
75,cfa-mir-181b.MIMAT0006708,287,289,766,1760,556,304,871,658,153,310,1104,516,125,409,875,1344,1301,1431,971,140,1380,605,399,1866,479,221,158
76,cfa-mir-181c.MIMAT0006635,0,65,16,15,4,9,13,7,2,9,40,15,2,10,15,30,20,47,35,5,23,17,3,108,7,3,5
77,cfa-mir-181d.MIMAT0006636,12,34,28,78,17,14,40,63,7,18,87,60,8,10,30,91,75,99,77,2,79,47,14,154,22,6,13
78,cfa-mir-182.MIMAT0009841,55,213,147,71,16,6,306,269,62,33,188,301,59,355,19,156,98,156,81,23,156,73,26,337,66,112,186
79,cfa-mir-183.MIMAT0006621,35,22,40,16,22,5,87,117,39,43,82,87,18,20,9,81,17,43,17,28,28,57,4,131,20,17,80
80,cfa-mir-1835.MIMAT0006596,0,1,0,1,0,0,4,0,0,0,0,1,0,0,0,1,2,2,2,0,1,0,0,5,0,0,0
81,cfa-mir-1836.MIMAT0006618,83,10,33,101,9,68,46,52,8,32,49,56,9,8,66,60,60,30,45,3,122,16,90,46,96,24,216
82,cfa-mir-1837.MIMAT0006630,0,0,1,6,0,10,0,0,0,0,1,0,0,0,3,0,2,10,0,0,18,1,15,1,0,2,1
83,cfa-mir-1838.MIMAT0006644,5,0,7,1,12,6,8,3,5,13,6,7,0,0,3,27,5,6,11,1,2,7,0,22,38,0,1
84,cfa-mir-1839.MIMAT0006677,14,29,71,121,19,30,61,51,7,9,35,69,4,14,43,71,111,93,95,0,99,25,27,148,33,16,40
85,cfa-mir-184.MIMAT0009842,0,0,0,0,0,0,0,0,1,0,0,0,9,3,2,0,0,1,0,0,0,2,0,2,0,0,0
86,cfa-mir-1840.MIMAT0006679,6,0,7,1,11,0,3,2,2,4,14,3,0,0,1,2,0,0,3,2,2,5,2,6,12,2,0
87,cfa-mir-1841.MIMAT0006686,0,0,2,2,1,1,0,1,0,1,7,3,1,0,0,1,0,6,1,2,1,6,4,3,4,1,0
88,cfa-mir-1842.MIMAT0006701,8,0,13,7,7,1,3,1,0,4,8,3,0,0,6,16,13,23,7,0,6,0,8,21,7,0,1
89,cfa-mir-1843.MIMAT0006706,25,10,25,1,34,19,31,25,4,17,50,14,0,3,5,43,11,34,39,2,24,16,33,50,34,25,19
90,cfa-mir-1844.MIMAT0006740,1,3,2,0,0,1,5,1,5,1,0,1,3,1,0,10,2,0,1,8,0,5,1,4,3,0,2
91,cfa-mir-185.MIMAT0006660,122,47,437,455,126,289,477,448,28,64,463,331,16,36,240,456,477,411,436,15,479,136,84,984,141,17,446
92,cfa-mir-186.MIMAT0006694,813,885,3926,7353,814,1738,4861,2334,106,269,5015,3616,125,107,2968,5369,6887,9617,6555,43,6048,649,1124,10866,1246,103,1329
93,cfa-mir-187.MIMAT0009843,0,0,1,2,0,1,0,3,0,1,3,0,0,0,0,2,0,0,1,0,0,0,0,3,0,0,0
94,cfa-mir-188.MIMAT0009880,2,0,7,9,4,3,2,2,0,0,0,3,0,0,5,2,3,22,9,0,4,1,1,21,1,0,0
95,cfa-mir-18a.MIMAT0009832,7,0,17,21,5,5,14,11,0,0,17,6,1,0,17,12,18,60,23,0,24,2,19,42,5,0,6
96,cfa-mir-18b.MIMAT0009831,0,0,0,1,2,1,1,0,0,0,4,2,0,0,1,1,0,1,1,0,2,0,0,0,3,0,0
97,cfa-mir-190a.MIMAT0009872,0,0,4,7,0,0,4,0,0,0,0,1,0,0,3,2,7,33,16,0,9,1,2,14,1,0,3
98,cfa-mir-190b.MIMAT0009873,1,4,7,33,3,2,16,7,0,0,14,5,0,3,5,6,9,24,15,0,18,2,1,18,5,3,2
99,cfa-mir-191.MIMAT0006638,7927,1559,7019,14626,7348,7388,11456,8981,563,4459,12069,8077,374,1472,3169,15408,8073,6545,6509,495,7448,4024,2762,14365,6794,1075,6516
100,cfa-mir-192.MIMAT0006632,8008,30105,15873,80890,10444,27946,20094,5174,4303,5570,24890,11459,12664,5670,52537,21048,91773,85429,76399,3548,72628,26360,12146,22221,12137,4847,6438
101,cfa-mir-193a.MIMAT0006735,426,23,195,290,405,138,160,233,58,215,241,103,18,67,210,489,155,143,233,139,185,213,101,345,681,29,86
102,cfa-mir-193b.MIMAT0006699,30,18,18,26,54,45,13,4,13,11,15,8,15,8,17,21,48,23,43,21,19,18,9,23,43,6,22
103,cfa-mir-194.MIMAT0006681,2865,3594,9658,51528,3564,7912,7022,2082,357,535,8128,6280,990,896,17683,11714,31286,48870,36868,417,32604,3734,7474,13431,5664,1007,3100
104,cfa-mir-195.MIMAT0006692,75,192,615,672,323,206,922,627,38,74,1279,441,29,38,442,1038,692,1026,1107,12,916,182,234,1959,307,56,114
105,cfa-mir-196a.MIMAT0006662,0,0,0,0,0,0,0,0,0,0,0,2,0,0,0,1,0,0,0,0,0,1,0,0,0,0,0
106,cfa-mir-196b.MIMAT0006620,0,0,2,8,0,0,1,1,0,0,17,2,0,1,1,1,22,5,1,0,1,3,1,6,2,0,0
107,cfa-mir-197.MIMAT0006698,76,43,134,15,202,72,87,47,52,185,94,33,1,4,13,289,83,95,98,63,33,97,31,250,262,4,11
108,cfa-mir-199.MIMAT0006642,2789,4056,18456,21126,5019,6646,19117,27440,544,2180,31541,12538,434,586,12178,26624,30792,37697,30400,230,23210,5794,5242,54590,5628,687,2478
109,cfa-mir-19a.MIMAT0006650,4,3,18,120,3,6,18,13,0,3,14,18,0,0,30,16,99,247,62,0,84,2,16,45,14,1,6
110,cfa-mir-19b.MIMAT0006652,8,59,189,395,44,82,97,81,0,10,158,98,7,4,138,141,542,1408,568,1,337,16,113,494,70,3,11
111,cfa-mir-200a.MIMAT0009865,9,104,8,102,9,10,46,43,40,3,94,41,108,55,28,40,36,41,46,38,55,48,7,82,15,67,26
112,cfa-mir-200b.MIMAT0009864,4,1,4,5,3,4,18,34,5,9,52,11,0,0,6,21,4,3,6,1,2,8,0,24,6,1,17
113,cfa-mir-200c.MIMAT0006664,14,4,27,10,18,10,111,243,15,21,476,58,1,0,15,78,9,17,30,3,44,32,6,419,28,6,159
114,cfa-mir-202.MIMAT0009844,0,0,0,0,0,0,0,0,0,0,0,0,0,0,0,0,0,0,0,0,0,0,0,1,0,0,0
115,cfa-mir-203.MIMAT0009866,64,75,258,1183,104,126,163,158,13,55,64,146,12,51,377,439,846,420,783,40,581,132,105,306,227,20,56
116,cfa-mir-204.MIMAT0006598,58,46,149,181,58,175,460,124,103,61,1516,110,10,31,169,344,102,173,221,42,141,59,58,393,89,17,79
117,cfa-mir-205.MIMAT0009845,0,0,1,0,0,0,0,0,1,0,0,1,0,0,0,1,0,0,0,0,0,0,0,0,0,0,2
118,cfa-mir-206.MIMAT0006606,0,0,0,1,0,0,0,0,0,0,3,1,1,0,0,5,0,6,0,0,1,0,0,2,0,1,1
119,cfa-mir-207.MIMAT0009935,0,0,0,0,0,0,0,0,0,0,0,0,0,0,0,0,0,0,0,0,0,0,0,0,0,0,0
120,cfa-mir-208a.MIMAT0009868,0,0,0,0,0,0,0,0,0,0,0,0,0,0,0,0,0,0,0,0,0,0,0,0,0,0,0
121,cfa-mir-208b.MIMAT0009869,0,0,0,0,0,0,0,0,0,0,0,0,0,0,0,0,0,0,0,0,1,0,0,2,0,0,0
122,cfa-mir-20a.MIMAT0006651,88,287,1094,1784,226,606,665,780,7,41,744,448,21,32,491,1001,4493,5545,4389,16,1657,86,659,2329,343,25,224
123,cfa-mir-20b.MIMAT0009830,3,0,13,9,4,5,17,6,0,3,11,9,0,0,3,12,12,12,25,0,7,0,2,21,5,1,1
124,cfa-mir-21.MIMAT0006741,14603,27585,65165,120481,14838,27371,77848,64157,6279,12076,35319,103495,5375,3485,51691,64933,161910,197260,154819,2096,91887,34116,9695,193185,27529,2891,25355
125,cfa-mir-210.MIMAT0009846,0,2,21,30,15,0,12,13,0,0,13,6,1,1,8,29,22,32,10,0,7,1,1,39,21,0,6
126,cfa-mir-211.MIMAT0009867,0,0,0,0,0,0,0,0,0,0,1,0,0,0,0,0,0,0,0,0,0,1,1,15,1,0,0
127,cfa-mir-2114.MIMAT0034427,0,0,0,0,0,0,0,0,0,0,0,0,0,0,0,0,1,0,1,0,0,0,0,0,0,0,0
128,cfa-mir-212.MIMAT0006731,2,0,1,3,2,3,4,3,2,2,6,3,0,0,1,2,4,1,3,3,0,4,0,6,2,0,1
129,cfa-mir-214.MIMAT0009847,69,75,394,192,348,137,382,166,33,136,582,217,6,26,113,868,263,688,598,34,241,111,126,1605,416,12,52
130,cfa-mir-215.MIMAT0009848,7,38,40,219,13,34,25,10,3,28,31,43,2,6,51,18,151,431,94,1,246,19,8,54,17,3,4
131,cfa-mir-216a.MIMAT0009849,1,0,0,0,0,0,0,0,0,0,1,0,0,0,0,1,0,0,0,0,0,0,0,0,0,0,0
132,cfa-mir-216b.MIMAT0006592,1,0,0,0,0,0,1,0,0,0,0,1,0,0,0,1,0,0,0,0,0,0,0,0,0,0,0
133,cfa-mir-217.MIMAT0009850,0,0,0,0,0,0,0,2,0,0,0,0,0,0,0,0,0,0,0,0,0,0,0,0,0,0,0
134,cfa-mir-218.MIMAT0006672,60,100,197,799,34,103,285,271,14,35,955,1248,17,19,305,310,358,473,469,11,705,124,77,531,109,17,294
135,cfa-mir-219-2.MIMAT0006729,0,2,3,1,1,3,0,1,0,2,1,0,1,1,2,0,3,5,4,0,4,1,0,5,0,0,0
136,cfa-mir-219.MIMAT0006611,0,5,6,1,3,0,3,0,0,0,5,0,0,0,2,4,5,19,4,0,7,2,2,12,2,0,0
137,cfa-mir-22.MIMAT0006733,6145,1987,7494,31745,1753,5758,6049,1238,1047,855,14570,5130,1915,2767,22455,6765,13536,9963,9097,839,19410,4920,2910,11620,2333,1152,6355
138,cfa-mir-221.MIMAT0006757,1327,239,3734,6832,3160,1231,3440,2235,57,1153,3536,1993,42,111,2846,4624,4706,4008,4440,55,4298,734,1262,8552,2435,97,931
139,cfa-mir-222.MIMAT0009851,2586,263,2816,3747,2705,1632,3324,1025,842,2564,6955,1637,214,442,2227,4449,1675,1359,2577,503,2175,1710,986,6061,2076,178,2988
140,cfa-mir-223.MIMAT0009852,21,38,61,52,12,20,52,28,0,13,48,44,0,3,12,121,39,90,67,2,45,17,27,165,31,1,17
141,cfa-mir-224.MIMAT0006744,26,0,33,19,22,15,57,150,13,21,313,84,0,1,30,96,8,9,4,9,34,34,8,159,35,1,34
142,cfa-mir-2387.MIMAT0034370,1,0,0,0,0,0,1,0,0,0,0,2,0,0,3,1,0,0,1,0,0,0,0,2,3,0,1
143,cfa-mir-23a.MIMAT0006640,376,409,1542,535,455,614,1928,1406,80,257,2124,976,34,112,415,2754,1125,1652,1688,16,1048,902,382,7529,713,126,362
144,cfa-mir-23b.MIMAT0006612,208,414,647,545,286,478,892,478,71,161,948,455,38,147,302,1390,808,1107,1187,32,696,476,340,2367,420,91,196
145,cfa-mir-24.MIMAT0006614,1004,312,2338,5792,835,1454,4081,1784,260,561,7666,3760,129,105,3134,3398,2698,2770,2282,77,3459,1204,542,9131,982,110,1597
146,cfa-mir-2483.MIMAT0034421,2,0,43,0,0,0,13,9,0,1,16,5,1,0,7,16,0,2,3,1,8,8,23,22,4,1,4
147,cfa-mir-25.MIMAT0006697,1085,768,1701,3338,673,1769,2260,2463,376,747,3976,1498,342,883,1783,2437,2202,1715,1894,255,1782,1241,662,3836,740,594,1331
148,cfa-mir-26a.MIMAT0006595,17366,29627,26931,136345,15183,48371,60127,28298,3280,11497,136878,32353,2486,5714,80704,60304,103639,85595,83226,2006,73465,26145,19294,80178,20273,7326,20833
149,cfa-mir-26b.MIMAT0006678,4786,17832,18117,58840,4103,16680,20043,7457,1004,1511,22012,10348,2114,2172,31679,23114,66463,51306,45766,819,53624,9740,9309,36389,6403,3182,4544
150,cfa-mir-27a.MIMAT0006641,572,142,1596,2859,712,594,2359,1444,87,429,2830,1702,41,35,1935,2049,1838,2455,1465,34,2510,716,379,6285,755,39,528
151,cfa-mir-27b.MIMAT0006613,2870,4672,9212,17222,9249,7229,12360,9084,614,7199,10626,7389,525,876,9281,17831,29241,23146,22976,613,18943,6472,4026,26856,9155,791,1476
152,cfa-mir-28.MIMAT0006675,912,1195,1205,970,1419,1315,1762,568,556,1095,2326,682,488,819,627,2166,1616,1252,1665,582,1011,1221,382,1870,1284,661,445
153,cfa-mir-299.MIMAT0009885,0,0,0,1,0,0,0,0,0,0,0,0,0,0,0,4,0,0,1,0,1,0,0,3,1,0,0
154,cfa-mir-29a.MIMAT0006626,1860,2063,5240,12845,3898,3239,5686,3391,585,1567,4197,2842,446,1372,7156,9757,10585,15866,10887,510,15823,3004,2762,17367,3350,803,687
155,cfa-mir-29b.MIMAT0006625,141,2566,1023,2670,142,311,381,236,166,99,725,353,356,298,3274,896,2906,4784,4009,183,4020,652,613,5447,346,187,106
156,cfa-mir-29c.MIMAT0006705,8,38,141,88,16,8,51,56,3,10,101,33,5,7,119,153,110,413,216,4,252,20,59,787,43,3,15
157,cfa-mir-300.MIMAT0009929,0,0,0,0,0,0,0,0,0,0,0,0,0,0,0,0,0,0,0,0,0,0,0,0,0,0,0
158,cfa-mir-301a.MIMAT0009853,0,0,2,6,1,0,0,1,0,0,1,0,0,0,1,1,2,8,4,0,3,0,0,5,0,0,0
159,cfa-mir-301b.MIMAT0009854,0,0,0,2,0,0,4,0,0,0,0,1,0,0,0,3,0,2,0,0,1,0,0,2,0,0,0
160,cfa-mir-302a.MIMAT0009855,0,0,0,1,1,0,0,0,0,0,0,0,0,0,0,0,0,1,1,0,0,0,0,1,2,0,0
161,cfa-mir-302b.MIMAT0009856,0,0,0,0,0,0,0,0,0,0,0,0,0,0,0,0,0,0,0,0,0,0,0,0,0,0,0
162,cfa-mir-302c.MIMAT0009857,0,0,0,0,0,0,0,0,0,0,0,0,0,0,0,0,0,0,0,0,0,0,0,0,0,0,0
163,cfa-mir-302d.MIMAT0009858,0,0,0,0,0,0,0,0,0,0,0,0,0,0,0,0,0,0,0,0,0,0,0,0,0,0,0
164,cfa-mir-30a.MIMAT0006604,2112,18289,9814,30785,5006,8444,12287,4338,1326,1803,7311,7695,3618,1818,12164,12980,53362,58951,47266,712,26297,6406,4243,20634,5328,2570,2194
165,cfa-mir-30b.MIMAT0006617,249,782,3234,1519,920,585,1637,619,41,116,939,942,54,120,771,3825,4546,10305,6257,29,3144,360,1370,6023,1799,77,142
166,cfa-mir-30c.MIMAT0006605,3246,1633,8118,4049,3425,7595,11094,3862,368,1704,14713,3396,304,452,4086,12230,8970,14766,13534,151,7413,4244,4495,14827,5093,292,2588
167,cfa-mir-30d.MIMAT0006616,8288,6180,10986,31814,17623,18032,16606,7541,3860,11840,19350,9263,2099,3184,14172,25649,25693,18221,26546,3015,19489,16313,6474,24155,15019,2386,5440
168,cfa-mir-30e.MIMAT0006627,177,3633,505,1390,480,1019,571,205,418,431,658,257,2750,1508,1178,626,1809,1447,1520,613,863,795,328,796,431,2946,157
169,cfa-mir-31.MIMAT0006599,9,16,106,68,82,23,257,193,5,17,277,126,1,4,25,159,54,156,87,1,241,30,43,795,43,1,52
170,cfa-mir-32.MIMAT0006597,33,145,97,852,63,85,62,49,4,20,90,68,20,14,678,83,903,2034,879,7,537,83,136,350,92,8,21
171,cfa-mir-320.MIMAT0006658,1594,716,844,2270,1229,1418,1170,1182,375,564,3442,606,303,1279,1131,2002,924,1046,1339,457,992,892,504,1789,1485,859,2193
172,cfa-mir-323.MIMAT0006718,0,0,0,0,2,1,0,1,0,0,3,2,0,0,1,7,3,0,1,0,2,2,0,7,1,0,0
173,cfa-mir-324.MIMAT0009896,1,1,19,4,8,4,7,3,3,3,15,8,0,0,1,18,8,9,23,1,7,4,6,47,13,0,0
174,cfa-mir-325.MIMAT0009897,0,0,0,0,0,0,0,0,0,0,0,0,0,0,0,0,0,0,0,0,0,0,1,0,0,0,0
175,cfa-mir-326.MIMAT0009894,3,9,14,9,25,5,11,2,3,6,6,5,1,1,7,26,8,9,10,1,10,4,5,36,15,0,0
176,cfa-mir-328.MIMAT0006688,46,4,30,35,100,44,51,15,15,40,25,11,0,5,18,58,22,22,27,16,25,39,7,57,66,1,24
177,cfa-mir-329a.MIMAT0006719,0,0,0,0,0,0,0,0,0,0,0,0,0,0,0,0,0,0,0,0,0,1,0,0,0,0,0
178,cfa-mir-329b.MIMAT0009899,0,0,0,1,0,0,1,0,0,0,2,0,0,0,0,0,0,0,0,0,0,0,0,3,0,0,1
179,cfa-mir-330.MIMAT0009893,6,7,13,3,4,3,16,3,2,7,7,15,1,0,9,16,5,14,6,0,2,3,1,27,4,3,1
180,cfa-mir-331.MIMAT0009895,15,20,65,47,103,19,31,23,2,19,19,16,0,2,18,112,49,58,63,2,43,10,24,118,136,3,7
181,cfa-mir-335.MIMAT0006624,0,0,3,2,1,2,3,3,0,0,8,5,0,0,0,2,6,8,6,0,9,0,1,27,0,0,1
182,cfa-mir-338.MIMAT0006739,3,7,11,38,3,10,3,4,1,3,19,8,3,3,51,10,23,48,34,1,54,7,10,54,1,1,2
183,cfa-mir-339-1.MIMAT0011134,98,26,609,220,848,138,314,247,4,78,344,98,1,4,73,828,440,915,556,7,413,49,199,1329,570,7,44
184,cfa-mir-33a.MIMAT0006593,1,0,4,2,0,4,1,1,0,1,4,1,0,0,4,3,1,17,5,0,10,1,4,8,2,0,0
185,cfa-mir-33b.MIMAT0009862,0,9,2,11,1,2,1,0,0,0,5,2,0,7,4,2,32,20,15,4,1,0,19,7,1,0,0
186,cfa-mir-340.MIMAT0009892,156,473,993,1986,500,442,739,662,26,168,391,762,32,33,846,1376,3267,4480,4228,31,1937,273,307,2280,879,32,371
187,cfa-mir-342.MIMAT0006709,129,85,322,47,144,82,384,46,25,151,474,120,4,11,30,543,114,208,220,13,89,73,80,744,244,5,68
188,cfa-mir-345.MIMAT0006710,1,0,3,3,0,2,1,0,1,2,9,2,0,0,1,4,5,2,7,0,1,0,1,10,1,0,1
189,cfa-mir-346.MIMAT0009898,0,0,0,0,0,0,0,0,0,0,0,0,0,0,0,0,0,0,0,0,0,0,0,0,0,0,0
190,cfa-mir-34a.MIMAT0006690,46,13,312,195,118,20,229,149,4,23,66,222,3,4,53,284,193,330,250,1,123,31,30,568,155,3,32
191,cfa-mir-34b.MIMAT0009838,0,0,0,0,0,0,0,0,0,0,0,0,0,0,0,0,0,0,0,0,0,0,0,0,1,0,0
192,cfa-mir-34c.MIMAT0006693,0,2,5,0,5,0,6,6,10,4,10,10,0,0,0,1,2,1,10,0,3,1,0,4,8,0,5
193,cfa-mir-350.MIMAT0006704,3,9,59,5,19,9,17,15,0,10,5,16,0,5,7,51,27,96,76,0,16,7,8,196,32,0,0
194,cfa-mir-361.MIMAT0006751,62,49,252,231,67,80,186,92,8,18,440,107,3,20,95,326,199,239,321,2,199,41,109,584,84,8,89
195,cfa-mir-362.MIMAT0009886,68,48,130,430,36,51,152,58,2,21,182,129,4,10,142,151,360,430,267,2,367,27,103,314,46,4,69
196,cfa-mir-363.MIMAT0006750,69,40,100,568,83,89,131,73,17,87,117,123,14,5,216,234,177,153,213,15,147,55,33,272,79,12,59
197,cfa-mir-365.MIMAT0001540,699,312,1711,617,1997,872,1125,213,61,619,1588,477,15,60,275,2978,1488,2385,2803,100,1093,508,1056,2615,2921,29,296
198,cfa-mir-367.MIMAT0009859,0,0,0,0,0,0,0,0,0,0,0,0,0,0,0,0,0,0,0,0,0,0,0,0,0,0,0
199,cfa-mir-369.MIMAT0006727,0,0,0,0,0,0,0,0,0,0,0,0,0,0,0,0,0,0,0,0,0,0,0,0,0,0,0
200,cfa-mir-370.MIMAT0009889,1,0,0,2,3,1,0,2,0,2,0,0,1,1,2,5,1,1,1,3,1,3,0,4,4,1,0
201,cfa-mir-371.MIMAT0007747,4,3,10,4,1,4,6,7,0,4,18,5,0,1,6,6,3,3,17,0,4,2,2,30,5,0,9
202,cfa-mir-374a.MIMAT0006753,103,328,1235,1858,280,456,739,429,31,60,877,710,40,43,1094,1043,1985,5384,2740,21,1762,207,560,3124,542,38,234
203,cfa-mir-374b.MIMAT0006754,90,96,717,520,136,179,612,216,15,40,980,519,7,31,256,1194,1205,2599,1550,14,940,136,569,1706,347,33,146
204,cfa-mir-375.MIMAT0009871,1622,1608,1528,9239,1132,2596,1115,226,584,295,6372,582,1196,943,4283,1531,4846,3681,4580,636,3501,1600,2137,1151,1391,1125,700
205,cfa-mir-376a.MIMAT0006722,0,0,0,0,0,0,0,0,0,0,0,2,0,0,0,2,0,3,4,0,0,1,0,0,0,0,0
206,cfa-mir-376b.MIMAT0009887,0,0,0,0,0,0,0,0,0,0,0,0,0,0,0,0,0,0,0,0,0,0,0,0,0,0,0
207,cfa-mir-376c.MIMAT0009888,0,0,0,0,0,0,0,0,0,0,0,0,0,0,0,0,0,0,0,0,0,0,0,0,0,0,0
208,cfa-mir-377.MIMAT0009890,0,0,0,0,0,0,0,0,0,0,0,0,0,0,0,0,0,0,0,0,0,0,0,0,0,0,0
209,cfa-mir-378.MIMAT0006683,3187,10669,8712,16871,3552,9893,7908,2263,2633,2758,8269,4957,8469,7719,10587,8458,18194,14882,14597,2539,16027,10817,5375,9496,3147,7779,1818
210,cfa-mir-379.MIMAT0006715,3,26,9,6,0,7,9,13,4,2,13,18,3,2,5,11,16,5,31,3,8,15,4,8,11,2,10
211,cfa-mir-380.MIMAT0006717,0,1,0,0,0,0,0,0,0,0,3,0,0,0,0,1,2,2,1,0,0,0,0,12,0,0,0
212,cfa-mir-381.MIMAT0009891,5,392,18,44,11,38,12,23,12,10,14,37,45,38,30,38,67,74,152,62,37,73,11,35,28,34,22
213,cfa-mir-382.MIMAT0006724,0,2,0,2,0,0,0,4,0,0,2,0,0,0,1,2,5,1,2,0,1,3,0,8,1,0,1
214,cfa-mir-383.MIMAT0006629,1,0,4,4,0,2,3,9,0,2,4,1,0,0,0,5,1,0,4,1,0,0,0,2,1,0,2
215,cfa-mir-384.MIMAT0006752,0,0,0,1,0,0,0,0,0,0,0,0,0,0,0,0,0,0,0,0,0,0,0,0,0,0,0
216,cfa-mir-3958.MIMAT0034388,1,0,1,4,0,1,2,0,0,0,3,2,0,1,2,6,2,8,3,0,3,2,0,8,0,0,0
217,cfa-mir-409.MIMAT0006726,0,0,0,0,0,0,0,0,0,0,0,0,0,0,0,0,0,0,0,0,0,0,0,0,0,0,0
218,cfa-mir-410.MIMAT0006728,0,0,0,1,1,1,0,0,0,0,0,4,1,0,0,0,0,4,2,0,1,0,0,4,0,0,0
219,cfa-mir-411.MIMAT0006716,3,4,4,17,2,16,6,11,0,3,12,28,0,2,12,20,16,33,43,1,12,6,5,17,11,1,5
220,cfa-mir-421.MIMAT0006755,5,0,13,10,4,4,23,10,1,0,21,11,0,2,8,15,14,28,15,2,17,2,10,26,3,2,9
221,cfa-mir-423a.MIMAT0006742,2541,456,993,832,1616,1119,1161,737,1516,1842,3395,441,290,628,749,2165,1145,865,1394,1584,922,1366,447,1855,2193,69,944
222,cfa-mir-424.MIMAT0006745,37,1,19,53,16,23,19,10,4,14,27,6,0,3,23,21,9,26,20,6,14,12,14,29,13,1,4
223,cfa-mir-425.MIMAT0006639,114,290,200,1158,319,208,454,191,20,76,344,365,28,115,188,335,37,37,379,37,610,57,142,701,295,94,124
224,cfa-mir-429.MIMAT0001539,6,7,49,88,7,13,130,115,1,5,285,139,4,2,52,93,76,144,91,1,134,27,19,404,17,4,66
225,cfa-mir-432.MIMAT0009904,0,0,2,0,1,0,0,1,0,1,2,0,0,0,0,1,0,0,2,0,1,1,0,3,0,1,0
226,cfa-mir-433.MIMAT0006712,0,1,1,0,3,0,0,1,0,0,2,0,1,0,0,1,0,0,0,0,1,0,0,7,2,0,0
227,cfa-mir-448.MIMAT0001535,0,0,0,0,0,0,0,0,0,0,0,0,0,0,0,0,0,0,0,0,0,0,0,0,0,0,0
228,cfa-mir-449a.MIMAT0001544,0,0,0,13,0,0,0,1,0,0,3,0,0,0,0,1,10,0,3,0,2,0,0,4,0,0,0
229,cfa-mir-449b.MIMAT0034406,0,0,0,0,0,0,0,0,0,0,0,0,0,0,0,0,0,0,0,0,0,0,0,0,0,0,0
230,cfa-mir-450a.MIMAT0001548,19,83,236,546,28,205,265,130,8,21,190,242,7,2,313,118,532,865,503,4,314,68,38,373,47,5,51
231,cfa-mir-450b.MIMAT0006748,33,585,271,321,26,225,300,110,27,69,167,205,39,11,188,135,701,813,724,3,268,130,57,452,90,15,34
232,cfa-mir-451.MIMAT0009870,550,3175,8634,24532,671,2791,2901,18831,538,278,6258,2454,1128,349,7389,7277,6343,14364,6655,141,5533,520,3850,17518,1142,169,1179
233,cfa-mir-452.MIMAT0009900,6,11,28,74,11,7,36,73,2,2,67,50,0,0,28,62,34,46,93,4,61,17,15,258,13,6,17
234,cfa-mir-454.MIMAT0009927,4,2,17,17,2,0,10,6,0,1,12,9,1,0,3,11,17,31,20,0,14,2,4,33,4,0,2
235,cfa-mir-455.MIMAT0006603,243,3705,788,9584,308,869,1383,486,322,127,1552,1147,704,286,2901,951,6219,5742,4762,143,2963,940,525,1554,370,420,320
236,cfa-mir-483.MIMAT0009901,13,3,25,7,36,11,13,1,4,7,66,1,0,0,5,42,18,26,29,1,6,10,5,19,21,1,3
237,cfa-mir-485.MIMAT0006725,0,0,0,1,0,2,0,0,1,1,0,1,0,0,1,0,1,0,0,1,0,3,0,1,0,0,0
238,cfa-mir-486.MIMAT0011132,620,288,1342,251,308,1146,523,3807,695,520,2147,242,272,228,349,1749,251,279,453,268,184,316,195,2729,277,42,522
239,cfa-mir-486.MIMAT0032036,4,2,13,11,5,10,4,29,6,7,13,2,2,0,9,15,6,1,4,1,4,3,4,23,4,0,16
240,cfa-mir-487a.MIMAT0009902,0,0,1,0,0,0,0,0,0,0,2,1,0,0,0,0,0,1,2,0,0,0,0,0,0,0,0
241,cfa-mir-487b.MIMAT0006723,1,0,1,4,1,1,1,0,0,1,1,2,0,0,0,2,0,0,2,0,0,0,1,4,1,0,0
242,cfa-mir-488.MIMAT0009903,0,0,1,0,1,0,0,1,0,0,0,0,0,0,0,0,0,0,0,0,0,0,0,1,0,0,0
243,cfa-mir-489.MIMAT0009860,0,0,1,0,0,0,0,0,0,1,0,0,0,0,0,0,0,0,0,0,0,0,0,1,0,0,0
244,cfa-mir-490.MIMAT0009875,2,1,5,11,5,5,7,1,0,5,0,2,1,3,9,7,8,3,8,1,6,4,0,7,11,3,1
245,cfa-mir-491.MIMAT0006601,0,1,1,1,0,0,0,0,0,0,0,3,0,0,0,0,1,1,4,0,0,0,2,1,0,0,0
246,cfa-mir-493.MIMAT0006711,0,1,0,4,0,0,0,3,2,0,2,0,0,0,1,0,0,1,0,1,0,0,0,0,1,0,0
247,cfa-mir-494.MIMAT0009905,4,0,3,0,0,2,2,4,0,0,1,12,0,0,4,5,2,5,6,0,2,0,0,6,2,0,1
248,cfa-mir-495.MIMAT0006721,1,0,2,0,0,1,0,0,0,0,4,2,0,0,1,3,0,1,3,0,1,0,3,1,0,0,0
249,cfa-mir-496.MIMAT0009906,0,0,0,1,0,0,0,0,0,0,0,0,0,0,0,0,0,0,0,0,0,0,0,0,0,0,0
250,cfa-mir-497.MIMAT0006691,35,15,328,197,83,56,297,252,5,14,265,191,2,4,177,422,230,499,389,0,278,39,57,781,79,7,50
251,cfa-mir-499.MIMAT0006655,58,61,347,910,69,191,418,193,13,26,282,372,16,8,404,294,812,1028,545,6,580,55,105,721,100,8,118
252,cfa-mir-500.MIMAT0006759,155,101,239,234,304,155,237,156,26,218,231,190,8,25,120,309,323,281,257,15,263,184,63,582,197,18,108
253,cfa-mir-502.MIMAT0006761,183,48,312,291,302,160,310,243,13,141,303,215,5,9,127,321,356,335,247,14,315,142,72,640,226,7,159
254,cfa-mir-503.MIMAT0006746,6,3,30,38,12,15,30,5,3,8,22,12,1,0,18,25,41,64,29,1,24,8,6,41,4,2,9
255,cfa-mir-504.MIMAT0009907,56,18,51,3,140,40,30,13,30,96,15,11,3,2,11,105,29,30,34,63,10,89,10,58,146,1,4
256,cfa-mir-505.MIMAT0009908,66,1,44,17,32,19,18,18,1,13,60,14,7,1,14,43,10,14,8,3,39,15,18,47,24,1,46
257,cfa-mir-506.MIMAT0034422,0,0,0,0,0,0,0,0,0,0,2,0,0,0,0,0,0,0,0,0,0,0,0,0,0,0,0
258,cfa-mir-507a.MIMAT0034432,0,0,0,0,0,0,0,0,0,0,0,0,0,0,1,0,0,0,0,0,0,0,0,0,0,0,0
259,cfa-mir-507b.MIMAT0034416,0,0,0,0,0,0,0,0,0,0,0,0,0,0,0,0,0,0,0,0,0,0,0,0,0,0,0
260,cfa-mir-508a.MIMAT0034419,0,0,0,0,0,0,0,0,0,0,0,0,0,0,0,0,0,0,0,0,0,0,0,0,0,0,0
261,cfa-mir-508b.MIMAT0034425,0,0,0,0,0,0,0,0,0,0,0,0,0,0,0,0,0,0,0,0,0,0,0,0,0,0,0
262,cfa-mir-514.MIMAT0009877,0,0,0,0,0,0,0,0,0,0,0,0,0,0,0,0,0,0,0,0,0,0,0,0,0,0,0
263,cfa-mir-532.MIMAT0006758,647,1263,918,1890,364,717,1250,453,256,413,1433,1250,403,340,1484,1238,2357,1684,1901,131,1416,1023,291,2019,428,294,682
264,cfa-mir-539.MIMAT0009909,0,0,0,2,0,0,0,0,0,0,0,1,0,0,0,0,0,0,0,0,0,0,0,0,0,0,0
265,cfa-mir-542.MIMAT0006747,9,174,70,202,5,32,64,26,3,5,42,43,8,3,49,35,283,509,247,1,109,16,24,87,15,8,14
266,cfa-mir-543.MIMAT0006720,5,0,1,1,1,0,0,1,0,2,10,9,0,0,1,9,2,1,1,0,1,4,1,3,2,0,8
267,cfa-mir-544.MIMAT0009910,0,0,0,0,0,0,0,0,0,0,0,0,0,0,0,0,0,0,0,0,0,0,0,0,0,0,0
268,cfa-mir-545.MIMAT0009911,0,1,11,2,0,0,1,0,0,1,1,3,0,1,1,1,8,19,5,0,13,0,12,4,2,2,0
269,cfa-mir-551a.MIMAT0009912,1,5,25,24,9,8,12,23,0,4,19,6,0,0,14,18,3,15,9,2,20,7,2,64,19,0,3
270,cfa-mir-551b.MIMAT0009913,0,0,0,0,0,0,0,0,0,0,0,0,0,0,0,1,0,0,0,0,0,0,0,0,0,0,0
271,cfa-mir-568.MIMAT0009914,0,0,0,0,0,0,0,0,0,0,0,0,0,0,0,0,0,0,0,0,0,0,4,0,0,0,0
272,cfa-mir-574.MIMAT0006673,79,20,104,4,126,26,102,87,9,61,183,48,0,3,11,286,35,66,74,29,29,73,25,195,306,4,28
273,cfa-mir-578.MIMAT0009915,0,0,0,0,0,0,0,0,0,0,0,0,0,0,0,0,0,0,0,0,0,0,0,0,0,0,0
274,cfa-mir-582.MIMAT0009916,0,0,3,0,1,1,0,1,0,0,0,2,0,0,0,2,4,15,14,0,2,0,1,9,1,1,0
275,cfa-mir-589.MIMAT0009917,0,0,0,0,0,0,0,0,0,0,0,0,0,0,0,0,0,0,0,0,0,0,0,0,0,2,0
276,cfa-mir-590.MIMAT0006700,9,66,259,325,59,49,58,50,1,7,30,76,7,8,154,162,784,1665,934,3,460,33,90,627,114,9,8
277,cfa-mir-592.MIMAT0009918,0,0,9,11,5,0,1,0,0,0,6,2,0,0,6,12,5,1,10,0,28,0,12,10,0,2,3
278,cfa-mir-599.MIMAT0009919,0,0,0,0,0,0,0,0,0,0,0,0,0,0,0,0,0,0,0,0,0,0,0,0,0,0,0
279,cfa-mir-615.MIMAT0009920,0,0,0,0,0,0,0,1,0,0,0,0,0,0,0,0,0,0,0,0,0,0,0,1,0,0,0
280,cfa-mir-628.MIMAT0009921,1,2,5,24,0,4,11,9,0,3,8,9,1,0,9,2,9,28,12,3,15,5,3,46,2,0,4
281,cfa-mir-631.MIMAT0009922,0,0,0,0,0,0,0,0,0,0,0,0,0,0,0,0,0,0,0,0,0,0,0,0,0,0,0
282,cfa-mir-632.MIMAT0009923,0,1,0,2,0,0,1,0,0,0,2,0,1,0,0,0,3,2,1,0,1,1,2,0,1,5,0
283,cfa-mir-6516.MIMAT0034393,27,5,17,33,28,15,12,35,9,13,27,22,2,8,34,26,17,27,15,7,27,16,31,14,22,38,34
284,cfa-mir-652.MIMAT0006743,59,53,145,157,102,68,131,53,11,66,94,64,7,9,73,225,193,183,248,16,123,66,55,307,189,11,20
285,cfa-mir-6529.MIMAT0034278,5,0,6,4,3,4,7,1,4,3,27,6,0,1,15,11,4,6,3,0,6,5,0,12,5,0,14
286,cfa-mir-653.MIMAT0009924,0,0,0,0,0,0,0,0,0,0,0,0,0,0,0,0,0,0,0,0,0,0,0,0,0,0,0
287,cfa-mir-660.MIMAT0006760,2,90,136,132,22,41,61,73,2,12,30,61,15,9,93,89,390,585,314,1,265,40,30,401,30,6,23
288,cfa-mir-664.MIMAT0006680,5,0,0,3,0,2,2,0,0,1,2,5,6,5,2,2,0,2,2,1,2,0,1,4,1,11,1
289,cfa-mir-665.MIMAT0009934,0,0,0,0,0,0,0,0,0,0,0,0,0,0,0,0,0,0,0,0,0,0,0,0,0,0,0
290,cfa-mir-671.MIMAT0009926,6,3,6,7,5,1,10,6,21,12,9,2,6,9,6,8,5,9,9,18,3,26,1,7,8,4,12
291,cfa-mir-676.MIMAT0006762,6,2,3,3,3,0,5,1,4,1,9,4,2,4,3,4,2,4,1,2,5,9,1,4,0,1,1
292,cfa-mir-7.MIMAT0006634,414,6296,1576,15493,682,2418,2288,1135,929,678,818,1889,3702,1321,5448,2222,14702,8673,8935,532,5977,1878,1204,2568,770,1257,428
293,cfa-mir-708.MIMAT0006643,11,6,54,59,13,12,92,45,0,8,84,42,2,1,20,108,106,101,125,1,116,5,16,299,17,1,36
294,cfa-mir-718.MIMAT0009939,0,0,0,0,0,0,0,0,0,0,0,0,0,0,0,0,0,0,0,0,0,0,0,0,0,0,0
295,cfa-mir-7180.MIMAT0034382,10,2,4,8,4,3,3,2,4,3,7,6,8,2,7,11,6,3,0,4,5,6,1,16,0,4,3
296,cfa-mir-758.MIMAT0009925,0,0,0,0,1,0,0,0,0,0,0,1,0,0,1,0,1,0,2,0,0,0,0,4,1,0,0
297,cfa-mir-759.MIMAT0009938,0,0,0,0,0,0,0,0,0,0,0,0,0,0,0,0,0,0,0,0,0,0,0,0,0,0,0
298,cfa-mir-761.MIMAT0009936,0,0,0,0,0,0,0,0,0,0,0,0,0,0,0,0,0,0,0,0,0,0,0,0,0,0,0
299,cfa-mir-764.MIMAT0009937,0,0,0,0,0,0,0,0,0,0,0,0,0,0,0,0,0,0,0,0,0,0,0,0,0,0,0
300,cfa-mir-769.MIMAT0034400,0,5,7,2,6,4,0,0,0,0,2,1,1,0,2,5,5,7,6,0,2,1,0,5,2,1,1
301,cfa-mir-802.MIMAT0009928,19,78,214,187,17,43,42,7,1,1,36,47,10,3,97,107,355,387,681,4,270,14,91,249,70,2,15
302,cfa-mir-872.MIMAT0009940,0,0,0,0,0,0,0,0,0,0,0,0,0,0,0,0,0,0,0,0,1,0,0,0,0,0,0
303,cfa-mir-874.MIMAT0009930,11,0,31,31,44,13,39,19,2,20,65,6,0,2,29,97,24,13,24,2,29,7,4,112,67,0,5
304,cfa-mir-875.MIMAT0009931,0,0,0,0,0,0,0,0,0,0,0,0,0,0,0,0,0,0,0,0,0,0,0,0,0,0,0
305,cfa-mir-876.MIMAT0009932,0,0,0,0,0,0,0,0,0,0,0,0,0,0,0,0,0,0,1,0,2,0,0,0,0,1,0
306,cfa-mir-8789.MIMAT0034279,0,0,0,0,0,0,0,0,0,0,0,0,0,0,0,0,0,0,0,0,0,0,0,0,0,1,0
307,cfa-mir-8790.MIMAT0034280,0,0,0,0,0,0,0,0,0,0,0,0,0,0,0,0,0,0,0,0,0,0,0,0,0,0,0
308,cfa-mir-8791a.MIMAT0034281,0,0,0,0,0,0,0,0,0,0,0,0,0,0,0,0,0,0,0,0,1,0,0,0,0,0,0
309,cfa-mir-8791b.MIMAT0034430,0,0,0,0,0,0,0,0,0,0,0,0,0,0,0,0,0,0,0,0,0,0,0,0,0,0,0
310,cfa-mir-8792.MIMAT0034282,0,0,0,0,0,0,0,0,0,0,0,0,0,0,0,0,0,0,0,0,0,0,0,0,0,0,0
311,cfa-mir-8793.MIMAT0034283,0,0,0,0,0,0,0,0,0,0,0,0,0,0,0,0,0,0,0,0,0,0,0,0,0,0,0
312,cfa-mir-8794.MIMAT0034284,0,0,0,0,0,0,0,0,0,0,0,0,0,0,0,0,0,0,0,0,0,0,0,0,0,0,0
313,cfa-mir-8795.MIMAT0034285,0,0,0,0,0,0,0,0,0,0,0,0,0,0,0,0,0,0,0,0,0,0,0,0,0,0,0
314,cfa-mir-8796.MIMAT0034286,0,0,0,0,0,0,0,0,0,0,0,0,0,0,0,0,0,0,0,0,0,0,0,0,0,0,0
315,cfa-mir-8797.MIMAT0034287,0,0,0,0,0,0,0,0,0,0,0,0,0,0,0,0,0,0,0,0,0,0,0,0,0,0,0
316,cfa-mir-8798.MIMAT0034288,0,0,0,0,0,0,0,0,0,0,0,0,0,0,0,0,0,0,0,0,1,0,1,0,1,2,0
317,cfa-mir-8799a.MIMAT0034289,0,0,0,0,0,0,0,0,0,0,0,0,0,0,0,0,0,0,0,0,0,0,0,0,0,0,0
318,cfa-mir-8799b.MIMAT0034316,0,0,0,0,0,0,0,0,0,0,0,0,0,0,0,0,0,0,0,0,0,0,0,0,0,0,0
319,cfa-mir-8799c.MIMAT0034318,0,0,0,0,0,0,0,0,0,0,0,0,0,0,0,0,0,0,0,0,0,0,0,0,0,0,0
320,cfa-mir-8799d.MIMAT0034341,0,0,0,0,0,0,0,0,0,0,0,0,0,0,0,0,0,0,0,0,0,0,0,0,0,0,0
321,cfa-mir-8799e.MIMAT0034371,0,0,0,0,0,0,0,0,0,0,0,0,0,0,0,0,0,0,0,0,0,0,0,0,0,0,0
322,cfa-mir-8799f.MIMAT0034372,0,0,0,0,0,0,0,0,0,0,0,0,0,0,0,0,0,0,0,0,0,0,0,0,0,0,0
323,cfa-mir-8799g.MIMAT0034407,0,0,0,0,0,0,0,0,0,0,0,0,0,0,0,0,0,0,0,0,0,0,0,0,0,0,0
324,cfa-mir-8800.MIMAT0034290,0,0,0,0,0,0,0,0,0,0,0,0,0,0,0,1,0,0,0,0,0,0,0,0,0,3,1
325,cfa-mir-8801.MIMAT0034291,0,0,0,0,0,0,0,0,0,0,0,0,0,0,0,0,0,0,0,0,0,0,0,0,0,0,0
326,cfa-mir-8802.MIMAT0034292,0,0,0,0,0,0,0,0,0,0,0,0,0,0,0,0,0,0,0,0,0,0,0,0,0,0,0
327,cfa-mir-8803.MIMAT0034293,0,0,6,1,2,1,10,0,0,0,2,3,0,0,4,2,3,5,6,1,3,0,10,7,3,0,0
328,cfa-mir-8804.MIMAT0034294,0,0,0,0,0,0,0,0,0,0,0,0,0,0,0,0,0,0,0,0,1,0,0,0,0,1,0
329,cfa-mir-8805.MIMAT0034295,0,0,0,0,0,0,0,0,0,0,0,0,0,0,0,0,0,0,0,0,0,0,0,0,0,0,0
330,cfa-mir-8806.MIMAT0034296,0,0,0,0,0,0,0,0,0,0,0,0,0,0,0,0,0,0,0,0,0,0,0,0,0,0,0
331,cfa-mir-8807.MIMAT0034297,0,0,0,0,0,0,0,0,0,0,0,0,0,0,0,0,0,0,0,0,0,0,0,0,0,2,0
332,cfa-mir-8808.MIMAT0034298,0,0,0,0,0,0,0,0,0,0,0,0,0,0,0,0,0,0,0,0,0,0,0,0,0,0,0
333,cfa-mir-8809.MIMAT0034299,0,0,0,0,0,0,0,0,0,1,0,0,0,2,0,0,0,0,1,0,0,0,0,0,0,3,0
334,cfa-mir-8810.MIMAT0034300,0,0,0,0,0,0,0,0,0,0,0,0,0,0,0,0,0,0,0,0,0,0,0,0,0,0,0
335,cfa-mir-8811.MIMAT0034301,0,0,0,0,0,0,0,0,0,0,0,0,0,0,0,0,0,0,0,0,0,0,0,0,0,0,0
336,cfa-mir-8812.MIMAT0034302,0,0,0,0,0,0,0,0,0,0,0,0,0,0,0,0,0,0,0,0,0,0,0,0,0,0,0
337,cfa-mir-8813.MIMAT0034303,0,0,0,0,0,0,0,0,0,0,0,0,0,0,0,0,0,0,0,0,0,0,0,0,0,0,0
338,cfa-mir-8814.MIMAT0034304,0,0,0,0,0,0,0,0,0,0,0,0,0,0,0,0,0,0,0,0,0,0,0,0,0,0,0
339,cfa-mir-8815.MIMAT0034305,0,0,0,0,0,0,0,0,0,0,0,0,0,0,0,0,0,0,0,0,0,0,0,0,0,0,0
340,cfa-mir-8816.MIMAT0034306,0,0,0,0,0,0,0,0,0,0,0,0,0,0,0,0,0,0,0,0,0,0,0,0,0,0,0
341,cfa-mir-8817.MIMAT0034307,0,0,0,0,0,0,0,0,0,0,0,0,0,0,0,0,0,0,0,0,0,0,0,0,0,0,0
342,cfa-mir-8818.MIMAT0034308,0,0,0,0,0,0,0,0,0,0,0,0,0,0,0,0,0,0,0,0,0,0,0,0,0,0,0
343,cfa-mir-8819.MIMAT0034309,4,0,2,0,1,0,1,1,0,2,0,4,0,1,0,0,0,5,3,0,22,1,21,2,0,12,17
344,cfa-mir-8820.MIMAT0034310,0,0,0,0,0,0,0,0,0,0,0,0,0,0,0,0,0,0,0,0,0,0,0,0,0,0,0
345,cfa-mir-8821.MIMAT0034311,0,0,0,0,0,0,0,0,0,0,0,0,0,0,0,0,0,0,0,0,0,0,0,0,0,4,0
346,cfa-mir-8822.MIMAT0034312,0,0,0,0,0,0,0,0,0,1,0,0,0,2,0,0,0,0,0,0,0,0,0,0,1,0,0
347,cfa-mir-8823.MIMAT0034313,0,0,0,0,0,0,0,0,0,0,0,0,0,0,0,0,0,0,0,0,0,0,0,0,0,0,0
348,cfa-mir-8824.MIMAT0034314,0,0,0,0,0,0,0,0,0,0,0,0,0,0,0,0,0,0,0,0,0,0,0,0,0,0,0
349,cfa-mir-8825.MIMAT0034315,0,0,0,0,0,0,0,0,0,0,0,0,0,0,0,0,0,0,0,0,0,0,0,0,1,1,3
350,cfa-mir-8826.MIMAT0034317,0,0,0,2,0,0,0,0,0,0,0,0,0,0,0,0,2,0,1,0,1,0,1,0,0,3,0
351,cfa-mir-8827.MIMAT0034319,0,0,0,0,0,0,0,0,0,0,0,0,0,0,0,0,0,0,0,0,0,0,0,0,0,0,0
352,cfa-mir-8828.MIMAT0034320,0,0,0,0,0,0,0,0,0,0,0,0,0,0,0,0,0,0,0,0,0,0,0,0,0,0,0
353,cfa-mir-8829.MIMAT0034322,1,0,2,1,1,0,0,0,0,1,1,0,0,0,0,0,0,0,2,0,0,0,1,0,4,0,0
354,cfa-mir-8830.MIMAT0034323,0,0,0,0,0,0,0,0,0,0,0,0,0,0,0,0,0,0,0,0,0,0,0,0,0,0,0
355,cfa-mir-8831.MIMAT0034324,0,0,0,0,0,0,0,0,0,0,0,0,0,0,0,0,0,0,0,0,0,0,0,0,0,0,0
356,cfa-mir-8832.MIMAT0034325,0,0,0,0,0,0,0,0,0,0,0,0,0,0,0,0,0,0,0,0,0,0,0,0,0,0,0
357,cfa-mir-8833.MIMAT0034326,0,0,0,0,0,0,0,0,0,0,0,0,0,0,0,0,0,0,0,0,0,0,0,0,0,0,0
358,cfa-mir-8834a.MIMAT0034327,0,0,0,0,0,0,0,0,0,0,0,0,0,0,0,0,0,0,0,0,0,0,0,0,0,0,0
359,cfa-mir-8834b.MIMAT0034431,0,0,0,0,0,0,0,0,0,0,0,0,0,0,0,0,0,0,0,0,0,0,0,0,0,0,0
360,cfa-mir-8835.MIMAT0034328,2,0,0,0,0,0,0,4,4,0,0,0,0,0,0,0,0,0,0,0,6,0,3,1,0,9,5
361,cfa-mir-8836.MIMAT0034329,0,0,0,0,0,0,0,0,0,0,0,0,0,0,0,0,0,0,0,0,0,0,0,0,0,0,0
362,cfa-mir-8837.MIMAT0034330,0,0,0,0,0,0,0,0,0,0,0,0,0,0,0,0,0,0,0,0,1,0,0,0,0,0,0
363,cfa-mir-8838.MIMAT0034331,0,0,0,0,0,0,0,0,0,0,0,0,0,0,0,0,0,0,0,0,0,0,0,0,0,0,0
364,cfa-mir-8839.MIMAT0034332,0,0,0,0,0,0,0,0,0,0,0,0,0,0,0,0,0,0,0,0,0,0,0,0,0,0,0
365,cfa-mir-8840.MIMAT0034333,0,0,0,0,0,0,0,0,0,0,0,0,0,0,0,0,0,0,0,0,0,0,0,0,0,0,0
366,cfa-mir-8841.MIMAT0034334,0,0,0,0,0,0,0,0,0,0,0,0,0,0,0,0,0,0,0,0,0,0,0,0,0,0,0
367,cfa-mir-8842.MIMAT0034335,0,0,0,0,0,0,0,0,0,0,0,0,0,0,0,0,0,0,0,0,0,0,0,0,0,0,0
368,cfa-mir-8843.MIMAT0034336,0,0,0,0,0,0,0,0,0,0,0,0,0,0,0,0,0,0,0,0,0,0,0,0,0,0,0
369,cfa-mir-8844.MIMAT0034338,0,0,0,0,0,0,0,0,0,0,0,0,0,0,0,0,0,0,0,0,0,0,0,0,0,0,0
370,cfa-mir-8845.MIMAT0034339,0,0,0,0,0,0,0,0,0,0,0,0,0,0,0,0,0,0,0,0,0,0,0,0,0,0,0
371,cfa-mir-8846.MIMAT0034340,0,0,0,0,0,0,0,0,0,0,0,0,0,0,0,0,0,0,0,0,0,0,0,0,0,0,0
372,cfa-mir-8847.MIMAT0034342,0,0,0,0,0,0,0,0,0,0,0,0,0,0,0,0,0,0,0,0,0,0,0,0,0,0,0
373,cfa-mir-8848.MIMAT0034343,0,0,0,0,0,0,0,0,0,0,0,0,0,0,0,0,0,0,0,0,0,0,0,0,0,0,0
374,cfa-mir-8849.MIMAT0034344,0,0,0,0,0,0,0,0,0,0,0,0,0,0,0,0,0,0,0,0,0,0,0,0,0,0,0
375,cfa-mir-885.MIMAT0009933,329,58,532,84,178,314,253,30,37,110,846,67,5,9,67,383,255,366,462,15,119,111,115,428,270,2,488
376,cfa-mir-8850.MIMAT0034345,0,0,0,0,0,0,0,0,0,0,0,0,0,0,0,0,0,0,0,0,0,0,0,0,0,0,0
377,cfa-mir-8851.MIMAT0034346,0,0,0,0,0,0,0,0,0,0,0,0,0,0,0,0,0,0,0,0,0,0,0,0,0,0,0
378,cfa-mir-8852.MIMAT0034347,0,0,0,0,0,0,0,0,0,0,0,0,0,0,0,0,0,0,0,0,0,0,0,0,0,0,0
379,cfa-mir-8853.MIMAT0034348,0,0,0,0,0,0,0,0,0,0,0,0,0,0,0,0,0,0,0,0,0,0,0,0,0,0,0
380,cfa-mir-8854.MIMAT0034349,0,0,3,1,0,1,0,0,0,0,0,0,0,0,0,0,0,0,0,0,1,1,0,0,2,0,0
381,cfa-mir-8855.MIMAT0034350,0,0,0,0,0,0,0,0,0,0,0,0,0,0,0,0,0,0,0,0,0,0,0,0,0,0,0
382,cfa-mir-8856.MIMAT0034351,1,0,0,0,0,0,0,0,0,0,0,0,3,0,1,0,0,0,0,0,0,0,0,0,0,3,0
383,cfa-mir-8857.MIMAT0034352,0,0,0,0,0,0,0,0,0,0,0,0,0,0,0,0,0,0,0,0,0,0,0,0,0,0,0
384,cfa-mir-8858.MIMAT0034353,2,0,1,0,2,0,1,3,0,2,0,1,0,0,0,2,0,2,5,0,4,1,1,1,0,5,4
385,cfa-mir-8859a.MIMAT0034354,382,137,930,423,592,331,585,193,44,230,1212,244,14,57,435,1027,354,477,583,42,367,291,303,1324,817,39,229
386,cfa-mir-8859b.MIMAT0034358,59,12,170,57,95,44,73,15,23,62,159,48,7,11,119,98,35,195,203,26,86,48,278,173,102,6,26
387,cfa-mir-8860.MIMAT0034355,0,0,0,0,0,0,0,0,0,0,0,0,0,0,0,0,0,0,0,0,0,0,0,0,0,0,0
388,cfa-mir-8861.MIMAT0034356,0,0,0,0,0,0,0,0,0,0,0,0,0,0,0,0,0,0,0,0,0,0,0,0,0,0,0
389,cfa-mir-8862.MIMAT0034359,0,0,0,0,0,0,0,0,0,0,0,0,0,0,0,0,0,0,0,0,0,0,0,0,0,0,0
390,cfa-mir-8863.MIMAT0034360,0,0,0,0,0,0,0,0,0,0,0,0,0,0,0,0,0,0,0,0,0,0,0,0,0,0,0
391,cfa-mir-8864.MIMAT0034361,0,0,0,0,0,0,0,0,0,0,0,0,0,0,0,0,0,0,0,0,0,0,0,0,0,0,0
392,cfa-mir-8865.MIMAT0034362,4,5,16,21,10,6,9,0,5,6,65,3,13,11,17,2,14,11,25,8,16,10,20,4,4,130,27
393,cfa-mir-8866.MIMAT0034363,0,0,0,0,0,0,0,0,0,0,0,0,0,0,0,0,0,0,0,0,0,0,0,0,0,0,0
394,cfa-mir-8867.MIMAT0034364,0,0,0,0,0,0,0,0,0,0,0,0,0,0,0,0,0,0,0,0,0,0,0,0,0,0,0
395,cfa-mir-8868.MIMAT0034365,0,0,0,0,0,0,0,0,0,0,0,0,0,0,0,0,0,0,0,0,0,0,0,0,0,0,0
396,cfa-mir-8869.MIMAT0034366,0,0,0,0,0,0,0,0,0,0,0,0,0,0,0,0,0,0,0,0,0,0,0,0,0,0,0
397,cfa-mir-8870.MIMAT0034367,0,0,0,0,0,0,0,0,0,0,0,0,0,0,0,0,0,0,0,0,0,0,0,0,0,0,0
398,cfa-mir-8871.MIMAT0034368,0,0,0,0,0,0,1,0,0,0,0,0,0,0,0,0,0,0,0,0,2,0,0,0,0,0,0
399,cfa-mir-8872.MIMAT0034369,1,0,0,0,0,0,0,0,0,0,0,0,0,0,0,0,0,0,0,0,0,0,0,0,0,0,0
400,cfa-mir-8873a.MIMAT0034373,0,0,0,0,0,0,0,0,0,0,0,0,0,0,0,0,0,0,0,0,0,0,0,0,0,0,0
401,cfa-mir-8873b.MIMAT0034395,0,0,0,0,0,0,0,0,0,0,0,0,0,0,0,0,0,0,0,0,0,0,0,0,0,0,0
402,cfa-mir-8874.MIMAT0034374,0,0,0,0,0,0,0,0,0,0,0,0,0,0,0,0,0,0,0,0,0,0,0,0,0,0,0
403,cfa-mir-8875.MIMAT0034375,0,0,0,0,0,0,0,0,0,0,0,0,0,0,0,0,0,0,0,0,0,0,0,0,0,0,0
404,cfa-mir-8876.MIMAT0034376,3,0,1,1,1,1,0,0,0,0,0,1,0,0,0,0,1,1,1,0,0,1,0,2,0,0,0
405,cfa-mir-8877.MIMAT0034377,0,0,0,0,0,0,0,0,0,0,0,0,0,0,0,0,0,0,0,0,0,0,0,0,0,0,0
406,cfa-mir-8878.MIMAT0034378,0,0,0,0,0,0,0,0,0,0,0,0,0,0,0,0,0,0,0,0,0,0,0,0,0,0,0
407,cfa-mir-8879.MIMAT0034379,0,0,0,0,0,0,0,0,0,0,0,0,0,0,0,0,0,0,0,0,0,0,0,0,0,0,0
408,cfa-mir-8880.MIMAT0034380,0,0,0,0,0,0,0,0,0,0,0,0,0,0,0,0,0,0,0,0,0,0,0,0,0,0,0
409,cfa-mir-8881.MIMAT0034381,0,0,0,0,0,0,0,0,0,0,0,0,0,0,0,0,0,0,0,0,0,0,0,0,0,0,4
410,cfa-mir-8882.MIMAT0034384,0,0,0,0,0,0,0,0,0,0,0,0,0,0,0,0,0,0,0,0,0,0,0,0,0,0,0
411,cfa-mir-8883.MIMAT0034385,0,0,0,0,1,0,0,0,0,0,0,0,0,0,0,0,0,0,0,0,0,0,0,0,0,1,0
412,cfa-mir-8884.MIMAT0034386,11,47,17,75,4,15,31,15,19,3,15,29,8,15,27,14,106,80,55,7,51,27,10,54,7,7,2
413,cfa-mir-8885.MIMAT0034389,0,0,1,0,1,0,0,0,0,0,0,0,0,1,0,0,0,2,0,0,1,0,1,0,0,6,1
414,cfa-mir-8886.MIMAT0034390,0,0,0,0,0,0,0,0,0,0,0,0,0,0,0,0,0,0,0,0,0,0,0,0,0,0,0
415,cfa-mir-8887.MIMAT0034391,0,1,0,0,4,0,0,0,1,0,0,0,0,0,3,0,0,1,0,2,7,0,6,0,0,11,10
416,cfa-mir-8888.MIMAT0034392,0,0,0,0,0,0,0,0,0,0,0,0,0,0,0,0,0,0,0,0,0,0,0,0,0,0,0
417,cfa-mir-8889.MIMAT0034394,0,0,0,0,0,0,0,0,0,0,0,0,0,0,0,0,0,0,0,0,0,0,0,0,0,0,0
418,cfa-mir-889.MIMAT0034387,0,1,1,7,0,0,0,9,2,1,2,6,0,0,2,5,8,9,7,0,2,0,0,13,1,0,4
419,cfa-mir-8890.MIMAT0034397,0,0,0,0,0,0,0,0,0,0,0,0,0,0,0,0,0,0,0,0,0,0,0,0,0,0,0
420,cfa-mir-8891.MIMAT0034398,0,0,0,0,0,0,0,1,0,0,0,0,0,0,0,0,0,0,0,0,0,0,0,0,0,0,0
421,cfa-mir-8892.MIMAT0034399,0,0,0,0,0,0,0,0,0,0,0,0,0,0,0,0,0,0,0,0,0,0,0,0,0,0,0
422,cfa-mir-8893.MIMAT0034401,0,0,0,0,0,0,0,0,0,0,0,0,0,0,0,0,0,0,0,0,0,0,0,0,0,0,0
423,cfa-mir-8894.MIMAT0034402,0,0,0,0,0,0,0,0,0,0,0,0,0,0,0,0,0,0,0,0,0,0,0,0,0,0,0
424,cfa-mir-8895.MIMAT0034403,0,0,0,0,0,0,0,0,0,0,0,0,0,0,0,0,0,0,0,0,0,0,0,0,0,0,0
425,cfa-mir-8896.MIMAT0034404,0,0,0,0,0,0,0,0,0,0,0,0,0,0,0,0,0,1,0,0,4,0,2,0,0,0,1
426,cfa-mir-8897.MIMAT0034405,0,0,0,0,0,0,0,0,0,0,0,0,0,0,0,0,0,0,0,0,0,0,0,0,0,0,0
427,cfa-mir-8898.MIMAT0034408,0,0,0,0,0,0,0,0,0,0,0,0,0,0,1,0,0,0,0,0,0,0,0,0,0,0,0
428,cfa-mir-8899.MIMAT0034409,0,0,0,0,0,0,0,0,0,0,0,0,0,0,0,0,0,0,0,0,0,0,0,0,0,0,0
429,cfa-mir-8900.MIMAT0034410,0,0,0,0,0,0,0,0,0,0,0,0,0,0,0,0,0,0,0,0,0,0,0,0,0,0,0
430,cfa-mir-8901.MIMAT0034411,0,0,0,0,0,0,0,0,0,0,0,0,0,0,0,0,0,0,0,0,0,0,0,0,0,0,0
431,cfa-mir-8902.MIMAT0034412,1,0,0,0,0,0,0,0,0,0,0,0,0,0,0,0,0,0,0,0,0,0,0,0,0,0,0
432,cfa-mir-8903.MIMAT0034414,0,0,1,1,1,0,2,1,0,2,3,0,0,0,0,1,0,1,2,0,2,2,4,1,1,0,3
433,cfa-mir-8904a.MIMAT0034417,0,0,0,0,0,0,0,0,0,0,0,0,0,0,0,0,0,0,0,0,0,0,0,0,0,0,0
434,cfa-mir-8904b.MIMAT0034424,0,0,0,0,0,0,0,0,0,0,0,0,0,0,0,0,0,0,0,0,0,0,0,0,0,0,0
435,cfa-mir-8905.MIMAT0034436,0,0,0,0,0,0,0,0,0,0,0,0,0,0,0,0,0,0,0,0,0,0,0,0,0,0,0
436,cfa-mir-8906.MIMAT0034434,0,0,0,0,0,0,0,0,0,0,0,0,0,0,0,0,0,0,0,0,0,0,0,0,0,0,0
437,cfa-mir-8907.MIMAT0034435,0,0,0,0,0,0,0,0,0,0,0,0,0,0,0,0,0,0,0,0,0,0,0,0,0,0,0
438,cfa-mir-8908a.MIMAT0034428,0,0,4,3,1,0,0,4,0,0,0,0,0,0,0,1,0,0,0,0,0,0,0,0,0,0,4
439,cfa-mir-8908a.MIMAT0034429,0,0,0,0,0,0,0,0,0,0,0,0,0,0,0,0,0,0,0,0,0,0,0,0,0,0,0
440,cfa-mir-8908b.MIMAT0034415,0,0,3,5,0,0,0,1,0,0,0,0,0,0,0,0,0,0,0,0,0,0,0,1,0,0,5
441,cfa-mir-8908c.MIMAT0034433,0,0,0,0,0,0,0,0,0,0,1,0,0,0,0,0,0,0,0,0,0,0,0,0,0,0,0
442,cfa-mir-8908d.MIMAT0034420,0,0,0,0,0,0,0,0,0,0,0,0,0,0,0,0,0,0,0,0,0,0,0,0,0,0,0
443,cfa-mir-8908e.MIMAT0034426,0,0,0,0,0,0,0,0,0,0,0,0,0,0,0,0,0,0,0,0,0,0,0,0,0,0,0
444,cfa-mir-8908f.MIMAT0034418,0,0,0,0,0,0,0,0,0,0,0,0,0,0,0,0,0,0,0,0,0,0,0,0,0,0,0
445,cfa-mir-9.MIMAT0006674,6,11,41,37,5,3,37,14,2,4,94,20,6,1,14,111,27,56,38,0,22,26,5,231,13,4,10
446,cfa-mir-92a.MIMAT0006653,1775,1066,2951,1501,3266,3154,2612,1722,845,3358,7439,973,417,771,1455,5193,2468,2097,3593,889,1443,2473,969,7281,3677,406,801
447,cfa-mir-92b.MIMAT0006703,1,0,5,1,2,0,2,5,0,1,16,3,0,0,0,4,1,0,1,9,0,1,0,8,9,0,3
448,cfa-mir-93.MIMAT0006696,286,156,1120,1426,666,485,1218,937,24,262,835,583,16,32,413,1724,1171,1843,1454,18,1117,169,342,2637,508,20,291
449,cfa-mir-95.MIMAT0009878,4,5,15,32,10,13,33,126,1,18,144,20,3,1,34,75,28,26,35,5,26,32,14,78,19,2,11
450,cfa-mir-96.MIMAT0009861,2,20,26,21,6,2,29,14,6,2,18,47,4,0,5,27,24,55,17,2,54,16,2,66,15,0,13
451,cfa-mir-98.MIMAT0006756,408,569,1001,6697,166,826,1180,757,193,136,1514,1532,430,303,2494,1078,4101,2680,2494,120,2411,720,372,1842,280,154,1035
452,cfa-mir-99a.MIMAT0006668,9650,13265,19034,29628,9487,22210,27984,25653,5486,5334,74993,22803,3198,3273,34464,31362,42546,46935,39690,2939,36975,22856,11180,47869,10583,3061,22620
453,cfa-mir-99b.MIMAT0006607,572,205,607,278,400,501,1302,1446,799,806,4944,881,85,170,254,1331,346,396,646,578,357,1151,122,3226,538,79,1298
